m_id,m_name,email,mobile,joining_date
1,Aarav Sharma,aarav.sharma@gmail.com,9876543201,2025-01-05
2,Diya Patel,diya.patel@gmail.com,9876543202,2025-01-08
3,Rohan Verma,rohan.verma@gmail.com,9876543203,2025-01-10
4,Priya Singh,priya.singh@gmail.com,9876543204,2025-01-12
5,Arjun Mehta,arjun.mehta@gmail.com,9876543205,2025-01-15
6,Sneha Joshi,sneha.joshi@gmail.com,9876543206,2025-01-18
7,Vikram Rao,vikram.rao@gmail.com,9876543207,2025-01-20
8,Kavya Nair,kavya.nair@gmail.com,9876543208,2025-01-23
9,Rahul Gupta,rahul.gupta@gmail.com,9876543209,2025-01-25
10,Ananya Kulkarni,ananya.k@gmail.com,9876543210,2025-01-28
11,Aditya Deshmukh,aditya.d@gmail.com,9876543211,2025-02-01
12,Neha Iyer,neha.iyer@gmail.com,9876543212,2025-02-03
13,Siddharth Jain,sidd.jain@gmail.com,9876543213,2025-02-06
14,Pooja Yadav,pooja.yadav@gmail.com,9876543214,2025-02-09
15,Karan Kapoor,karan.k@gmail.com,9876543215,2025-02-11
16,Meera Shah,meera.shah@gmail.com,9876543216,2025-02-15
17,Nikhil Mishra,nikhil.m@gmail.com,9876543217,2025-02-18
18,Ritu Choudhary,ritu.c@gmail.com,9876543218,2025-02-20
19,Yash Patil,yash.patil@gmail.com,9876543219,2025-02-24
20,Aisha Khan,aisha.khan@gmail.com,9876543220,2025-02-27
21,Harsh Vyas,harsh.v@gmail.com,9876543221,2025-03-02
22,Simran Kaur,simran.k@gmail.com,9876543222,2025-03-05
23,Raj Malhotra,raj.m@gmail.com,9876543223,2025-03-08
24,Komal Pawar,komal.p@gmail.com,9876543224,2025-03-11
25,Aman Tiwari,aman.t@gmail.com,9876543225,2025-03-15
26,Ishita Bose,ishita.b@gmail.com,9876543226,2025-03-18
27,Dev Agrawal,dev.a@gmail.com,9876543227,2025-03-21
28,Tanvi More,tanvi.more@gmail.com,9876543228,2025-03-24
29,Manish Saxena,manish.s@gmail.com,9876543229,2025-03-27
30,Shruti Patankar,shruti.p@gmail.com,9876543230,2025-03-30
